species,decimalLatitude,decimalLongitude,geometry,index_right,latitude,longitude,temp,precip,nitrogen,dist_km
Bombus terrestris,51.486006,11.941464,POINT (11.941464 51.486006),3,51.4,11.9,4.584967825995968,1.4000924039465457,50.0,0.09547929268695263
Bombus terrestris,51.485939,11.941519,POINT (11.941519 51.485939),3,51.4,11.9,4.584967825995968,1.4000924039465457,50.0,0.09544285767934918
Bombus terrestris,51.411149,11.886701,POINT (11.886701 51.411149),3,51.4,11.9,4.584967825995968,1.4000924039465457,50.0,0.017354065863654827
Bombus terrestris,51.411383,11.886992,POINT (11.886992 51.411383),3,51.4,11.9,4.584967825995968,1.4000924039465457,50.0,0.017285275612499654
Bombus terrestris,51.41141,11.887141,POINT (11.887141 51.41141),3,51.4,11.9,4.584967825995968,1.4000924039465457,50.0,0.017191334474088056
Bombus terrestris,51.411538,11.888412,POINT (11.888412 51.411538),3,51.4,11.9,4.584967825995968,1.4000924039465457,50.0,0.016352589642011757
Bombus terrestris,51.485997,11.941533,POINT (11.941533 51.485997),3,51.4,11.9,4.584967825995968,1.4000924039465457,50.0,0.09550117328074967
Bombus terrestris,51.461123,11.945572,POINT (11.945572 51.461123),3,51.4,11.9,4.584967825995968,1.4000924039465457,50.0,0.07624190654095846
Bombus terrestris,51.461636,11.9388,POINT (11.9388 51.461636),3,51.4,11.9,4.584967825995968,1.4000924039465457,50.0,0.07283156249868608
Bombus terrestris,51.461736,11.939843,POINT (11.939843 51.461736),3,51.4,11.9,4.584967825995968,1.4000924039465457,50.0,0.07347651560192799
Bombus terrestris,51.485983,11.941483,POINT (11.941483 51.485983),3,51.4,11.9,4.584967825995968,1.4000924039465457,50.0,0.09546682972634922
Bombus terrestris,51.455227,11.898389,POINT (11.898389 51.455227),3,51.4,11.9,4.584967825995968,1.4000924039465457,50.0,0.055250491853016455
Bombus terrestris,51.452083,11.898211,POINT (11.898211 51.452083),3,51.4,11.9,4.584967825995968,1.4000924039465457,50.0,0.052113716140766014
Bombus terrestris,51.413942,11.899463,POINT (11.899463 51.413942),3,51.4,11.9,4.584967825995968,1.4000924039465457,50.0,0.013952337904451816
Bombus terrestris,51.486744,11.964488,POINT (11.964488 51.486744),3,51.4,11.9,4.584967825995968,1.4000924039465457,50.0,0.10808896187863216
Bombus terrestris,51.470768,11.979272,POINT (11.979272 51.470768),3,51.4,11.9,4.584967825995968,1.4000924039465457,50.0,0.10626457456744501
Bombus terrestris,51.486728,11.880733,POINT (11.880733 51.486728),3,51.4,11.9,4.584967825995968,1.4000924039465457,50.0,0.088842350672414
Bombus terrestris,51.479656,11.956225,POINT (11.956225 51.479656),3,51.4,11.9,4.584967825995968,1.4000924039465457,50.0,0.09750040492736396
Bombus terrestris,51.48645,11.879922,POINT (11.879922 51.48645),3,51.4,11.9,4.584967825995968,1.4000924039465457,50.0,0.0887509356795739
Bombus terrestris,51.382545,11.78218,POINT (11.78218 51.382545),2,51.4,11.8,4.476254374517205,1.373574402679758,50.0,0.024944526954824214
Bombus terrestris,51.299843,11.833235,POINT (11.833235 51.299843),0,51.3,11.8,4.437247004489247,1.320091878885887,50.0,0.033235370826876026
Bombus terrestris,51.273724,11.956838,POINT (11.956838 51.273724),1,51.3,11.9,4.547798075087366,1.3516606514452016,50.0,0.06261778038224981
Bombus terrestris,51.495219,11.930156,POINT (11.930156 51.495219),3,51.4,11.9,4.584967825995968,1.4000924039465457,50.0,0.09988013965248559
Bombus terrestris,51.472479,11.985416,POINT (11.985416 51.472479),3,51.4,11.9,4.584967825995968,1.4000924039465457,50.0,0.11202275883498072
Bombus terrestris,51.493386,11.927492,POINT (11.927492 51.493386),3,51.4,11.9,4.584967825995968,1.4000924039465457,50.0,0.09734862638990074
Bombus terrestris,51.451667,11.941389,POINT (11.941389 51.451667),3,51.4,11.9,4.584967825995968,1.4000924039465457,50.0,0.06620066623531894
Bombus terrestris,51.273724,11.873517,POINT (11.873517 51.273724),1,51.3,11.9,4.547798075087366,1.3516606514452016,50.0,0.03730653381111429
Bombus terrestris,51.489853,11.937229,POINT (11.937229 51.489853),3,51.4,11.9,4.584967825995968,1.4000924039465457,50.0,0.09726026963770783
Bombus terrestris,51.489349,11.93354,POINT (11.93354 51.489349),3,51.4,11.9,4.584967825995968,1.4000924039465457,50.0,0.09543676126629491
Bombus terrestris,51.496348,11.941337,POINT (11.941337 51.496348),3,51.4,11.9,4.584967825995968,1.4000924039465457,50.0,0.10484123555643475
Bombus terrestris,51.389034,11.771975,POINT (11.771975 51.389034),2,51.4,11.8,4.476254374517205,1.373574402679758,50.0,0.03009408215912209
Bombus terrestris,51.389023,11.771908,POINT (11.771908 51.389023),2,51.4,11.8,4.476254374517205,1.373574402679758,50.0,0.030160487280546086
Bombus terrestris,51.389,11.771816,POINT (11.771816 51.389),2,51.4,11.8,4.476254374517205,1.373574402679758,50.0,0.030254550996502646
Bombus terrestris,51.389023,11.771908,POINT (11.771908 51.389023),2,51.4,11.8,4.476254374517205,1.373574402679758,50.0,0.030160487280546086
Bombus terrestris,51.485722,11.933378,POINT (11.933378 51.485722),3,51.4,11.9,4.584967825995968,1.4000924039465457,50.0,0.09199104395537987
Bombus terrestris,51.389187,11.772272,POINT (11.772272 51.389187),2,51.4,11.8,4.476254374517205,1.373574402679758,50.0,0.029761769991048247
Bombus terrestris,51.389027,11.771983,POINT (11.771983 51.389027),2,51.4,11.8,4.476254374517205,1.373574402679758,50.0,0.030089184402373022
Bombus terrestris,51.454489,11.899805,POINT (11.899805 51.454489),3,51.4,11.9,4.584967825995968,1.4000924039465457,50.0,0.05448934892252257
Bombus terrestris,51.457009,11.897897,POINT (11.897897 51.457009),3,51.4,11.9,4.584967825995968,1.4000924039465457,50.0,0.05704777550439707
Bombus terrestris,51.456619,11.89304,POINT (11.89304 51.456619),3,51.4,11.9,4.584967825995968,1.4000924039465457,50.0,0.057045181750964444
Bombus terrestris,51.456634,11.890449,POINT (11.890449 51.456634),3,51.4,11.9,4.584967825995968,1.4000924039465457,50.0,0.057433714462850886
Bombus terrestris,51.450355,11.89148,POINT (11.89148 51.450355),3,51.4,11.9,4.584967825995968,1.4000924039465457,50.0,0.0510707002595455
Bombus terrestris,51.48916,11.924975,POINT (11.924975 51.48916),3,51.4,11.9,4.584967825995968,1.4000924039465457,50.0,0.0925918799085531
Bombus terrestris,51.443524,11.893592,POINT (11.893592 51.443524),3,51.4,11.9,4.584967825995968,1.4000924039465457,50.0,0.04399319310984169
Bombus terrestris,51.442612,11.893562,POINT (11.893562 51.442612),3,51.4,11.9,4.584967825995968,1.4000924039465457,50.0,0.04309559592348005
Bombus terrestris,51.442374,11.893548,POINT (11.893548 51.442374),3,51.4,11.9,4.584967825995968,1.4000924039465457,50.0,0.04286238654111802
Bombus terrestris,51.435476,11.903464,POINT (11.903464 51.435476),3,51.4,11.9,4.584967825995968,1.4000924039465457,50.0,0.03564471730846225
Bombus terrestris,51.453388,11.888481,POINT (11.888481 51.453388),3,51.4,11.9,4.584967825995968,1.4000924039465457,50.0,0.054616535087826705
Bombus terrestris,51.453542,11.888299,POINT (11.888299 51.453542),3,51.4,11.9,4.584967825995968,1.4000924039465457,50.0,0.05480564902453059
Bombus terrestris,51.453541,11.888406,POINT (11.888406 51.453541),3,51.4,11.9,4.584967825995968,1.4000924039465457,50.0,0.05478192691938012
Bombus terrestris,51.454601,11.886791,POINT (11.886791 51.454601),3,51.4,11.9,4.584967825995968,1.4000924039465457,50.0,0.05617603476572363
Bombus terrestris,51.455972,11.882342,POINT (11.882342 51.455972),3,51.4,11.9,4.584967825995968,1.4000924039465457,50.0,0.05869130896479045
Bombus terrestris,51.455712,11.885315,POINT (11.885315 51.455712),3,51.4,11.9,4.584967825995968,1.4000924039465457,50.0,0.05761489537437324
Bombus terrestris,51.456274,11.884444,POINT (11.884444 51.456274),3,51.4,11.9,4.584967825995968,1.4000924039465457,50.0,0.05838452031146802
Bombus terrestris,51.45675,11.892887,POINT (11.892887 51.45675),3,51.4,11.9,4.584967825995968,1.4000924039465457,50.0,0.0571940317603167
Bombus terrestris,51.456068,11.882212,POINT (11.882212 51.456068),3,51.4,11.9,4.584967825995968,1.4000924039465457,50.0,0.05882205001528216
Bombus terrestris,51.486033,11.941486,POINT (11.941486 51.486033),3,51.4,11.9,4.584967825995968,1.4000924039465457,50.0,0.09551316812356293
Bombus terrestris,51.486028,11.941486,POINT (11.941486 51.486028),3,51.4,11.9,4.584967825995968,1.4000924039465457,50.0,0.09550866442370413
Bombus terrestris,51.485992,11.941536,POINT (11.941536 51.485992),3,51.4,11.9,4.584967825995968,1.4000924039465457,50.0,0.09549797568535516
Bombus terrestris,51.442971,11.894336,POINT (11.894336 51.442971),3,51.4,11.9,4.584967825995968,1.4000924039465457,50.0,0.04334267800909557
Bombus terrestris,51.442468,11.893669,POINT (11.893669 51.442468),3,51.4,11.9,4.584967825995968,1.4000924039465457,50.0,0.04293730994135488
Bombus terrestris,51.442402,11.893604,POINT (11.893604 51.442402),3,51.4,11.9,4.584967825995968,1.4000924039465457,50.0,0.04288167930480611
Bombus terrestris,51.442415,11.893564,POINT (11.893564 51.442415),3,51.4,11.9,4.584967825995968,1.4000924039465457,50.0,0.042900516558660076
Bombus terrestris,51.442839,11.8937,POINT (11.8937 51.442839),3,51.4,11.9,4.584967825995968,1.4000924039465457,50.0,0.04329976814025749
Bombus terrestris,51.443615,11.893892,POINT (11.893892 51.443615),3,51.4,11.9,4.584967825995968,1.4000924039465457,50.0,0.044040616355816846
Bombus terrestris,51.44395,11.894008,POINT (11.894008 51.44395),3,51.4,11.9,4.584967825995968,1.4000924039465457,50.0,0.044356584223767946
Bombus terrestris,51.443494,11.89391,POINT (11.89391 51.443494),3,51.4,11.9,4.584967825995968,1.4000924039465457,50.0,0.04391828931094914
Bombus terrestris,51.443267,11.893806,POINT (11.893806 51.443267),3,51.4,11.9,4.584967825995968,1.4000924039465457,50.0,0.043708110517385934
Bombus terrestris,51.431376,11.892008,POINT (11.892008 51.431376),3,51.4,11.9,4.584967825995968,1.4000924039465457,50.0,0.03237785415990532
Bombus terrestris,51.429921,11.893973,POINT (11.893973 51.429921),3,51.4,11.9,4.584967825995968,1.4000924039465457,50.0,0.030521975198209123
Bombus terrestris,51.436595,11.912089,POINT (11.912089 51.436595),3,51.4,11.9,4.584967825995968,1.4000924039465457,50.0,0.03854008232995709
Bombus terrestris,51.436692,11.912998,POINT (11.912998 51.436692),3,51.4,11.9,4.584967825995968,1.4000924039465457,50.0,0.038926223397603696
Bombus terrestris,51.437596,11.91305,POINT (11.91305 51.437596),3,51.4,11.9,4.584967825995968,1.4000924039465457,50.0,0.03979650381629072
Bombus terrestris,51.438056,11.913,POINT (11.913 51.438056),3,51.4,11.9,4.584967825995968,1.4000924039465457,50.0,0.040215160524363726
Bombus terrestris,51.438215,11.912526,POINT (11.912526 51.438215),3,51.4,11.9,4.584967825995968,1.4000924039465457,50.0,0.040215505728512985
Bombus terrestris,51.486028,11.941494,POINT (11.941494 51.486028),3,51.4,11.9,4.584967825995968,1.4000924039465457,50.0,0.09551213964727112
Bombus terrestris,51.486147,11.941689,POINT (11.941689 51.486147),3,51.4,11.9,4.584967825995968,1.4000924039465457,50.0,0.09570411866790621
Bombus terrestris,51.480894,11.82469,POINT (11.82469 51.480894),2,51.4,11.8,4.476254374517205,1.373574402679758,50.0,0.08457798375463968
Bombus terrestris,51.438091,11.913314,POINT (11.913314 51.438091),3,51.4,11.9,4.584967825995968,1.4000924039465457,50.0,0.0403507977244576
Bombus terrestris,51.438731,11.912551,POINT (11.912551 51.438731),3,51.4,11.9,4.584967825995968,1.4000924039465457,50.0,0.040713854668894836
Bombus terrestris,51.440265,11.912014,POINT (11.912014 51.440265),3,51.4,11.9,4.584967825995968,1.4000924039465457,50.0,0.04201911970757849
Bombus terrestris,51.440249,11.911946,POINT (11.911946 51.440249),3,51.4,11.9,4.584967825995968,1.4000924039465457,50.0,0.04198438896780839
Bombus terrestris,51.440398,11.911945,POINT (11.911945 51.440398),3,51.4,11.9,4.584967825995968,1.4000924039465457,50.0,0.04212696795403438
Bombus terrestris,51.440812,11.911463,POINT (11.911463 51.440812),3,51.4,11.9,4.584967825995968,1.4000924039465457,50.0,0.042391269301593044
Bombus terrestris,51.441189,11.91116,POINT (11.91116 51.441189),3,51.4,11.9,4.584967825995968,1.4000924039465457,50.0,0.04267410597774999
Bombus terrestris,51.441254,11.911067,POINT (11.911067 51.441254),3,51.4,11.9,4.584967825995968,1.4000924039465457,50.0,0.042712656262519536
Bombus terrestris,51.442132,11.90998,POINT (11.90998 51.442132),3,51.4,11.9,4.584967825995968,1.4000924039465457,50.0,0.043297873204121325
Bombus terrestris,51.440501,11.909984,POINT (11.909984 51.440501),3,51.4,11.9,4.584967825995968,1.4000924039465457,50.0,0.041713442161968685
Bombus terrestris,51.441081,11.909438,POINT (11.909438 51.441081),3,51.4,11.9,4.584967825995968,1.4000924039465457,50.0,0.04215120882014957
Bombus terrestris,51.441107,11.909806,POINT (11.909806 51.441107),3,51.4,11.9,4.584967825995968,1.4000924039465457,50.0,0.042260419839375674
Bombus terrestris,51.440998,11.910125,POINT (11.910125 51.440998),3,51.4,11.9,4.584967825995968,1.4000924039465457,50.0,0.04222974815222275
Bombus terrestris,51.441148,11.910255,POINT (11.910255 51.441148),3,51.4,11.9,4.584967825995968,1.4000924039465457,50.0,0.04240663779409962
Bombus terrestris,51.441626,11.911241,POINT (11.911241 51.441626),3,51.4,11.9,4.584967825995968,1.4000924039465457,50.0,0.04311709587854996
Bombus terrestris,51.442232,11.911553,POINT (11.911553 51.442232),3,51.4,11.9,4.584967825995968,1.4000924039465457,50.0,0.04378371424399551
Bombus terrestris,51.441967,11.909918,POINT (11.909918 51.441967),3,51.4,11.9,4.584967825995968,1.4000924039465457,50.0,0.04312303112027203
Bombus terrestris,51.441319,11.912521,POINT (11.912521 51.441319),3,51.4,11.9,4.584967825995968,1.4000924039465457,50.0,0.043174473963212424
Bombus terrestris,51.442313,11.912622,POINT (11.912622 51.442313),3,51.4,11.9,4.584967825995968,1.4000924039465457,50.0,0.04415546232347718
Bombus terrestris,51.442836,11.912693,POINT (11.912693 51.442836),3,51.4,11.9,4.584967825995968,1.4000924039465457,50.0,0.04467700913221605
Bombus terrestris,51.443329,11.912767,POINT (11.912767 51.443329),3,51.4,11.9,4.584967825995968,1.4000924039465457,50.0,0.045170770748350096
Bombus terrestris,51.441949,11.91113,POINT (11.91113 51.441949),3,51.4,11.9,4.584967825995968,1.4000924039465457,50.0,0.043400408995770974
Bombus terrestris,51.441614,11.910369,POINT (11.910369 51.441614),3,51.4,11.9,4.584967825995968,1.4000924039465457,50.0,0.042886374957557365
Bombus terrestris,51.425537,11.928377,POINT (11.928377 51.425537),3,51.4,11.9,4.584967825995968,1.4000924039465457,50.0,0.03817581037777638
Bombus terrestris,51.425641,11.928687,POINT (11.928687 51.425641),3,51.4,11.9,4.584967825995968,1.4000924039465457,50.0,0.03847602955087745
Bombus terrestris,51.426021,11.928585,POINT (11.928585 51.426021),3,51.4,11.9,4.584967825995968,1.4000924039465457,50.0,0.03865481426678937
Bombus terrestris,51.425539,11.92954,POINT (11.92954 51.425539),3,51.4,11.9,4.584967825995968,1.4000924039465457,50.0,0.03904935493705424
Bombus terrestris,51.457504,11.998427,POINT (11.998427 51.457504),3,51.4,11.9,4.584967825995968,1.4000924039465457,50.0,0.11399379081774591
Bombus terrestris,51.489872,11.937331,POINT (11.937331 51.489872),3,51.4,11.9,4.584967825995968,1.4000924039465457,50.0,0.09731690472369099
Bombus terrestris,51.484288,11.881429,POINT (11.881429 51.484288),3,51.4,11.9,4.584967825995968,1.4000924039465457,50.0,0.08630961119713218
Bombus terrestris,51.483807,11.88179,POINT (11.88179 51.483807),3,51.4,11.9,4.584967825995968,1.4000924039465457,50.0,0.08576256379679904
Bombus terrestris,51.482961,11.882587,POINT (11.882587 51.482961),3,51.4,11.9,4.584967825995968,1.4000924039465457,50.0,0.0847687447707042
Bombus terrestris,51.48286,11.882599,POINT (11.882599 51.48286),3,51.4,11.9,4.584967825995968,1.4000924039465457,50.0,0.08466743412316567
Bombus terrestris,51.480894,11.82469,POINT (11.82469 51.480894),2,51.4,11.8,4.476254374517205,1.373574402679758,50.0,0.08457798375463968
Bombus terrestris,51.488368,11.928184,POINT (11.928184 51.488368),3,51.4,11.9,4.584967825995968,1.4000924039465457,50.0,0.09275365911919835
Bombus terrestris,51.339664,11.947064,POINT (11.947064 51.339664),1,51.3,11.9,4.547798075087366,1.3516606514452016,50.0,0.06154878546324084
Bombus terrestris,51.46563,11.965472,POINT (11.965472 51.46563),3,51.4,11.9,4.584967825995968,1.4000924039465457,50.0,0.09270318054953564
Bombus terrestris,51.389015,11.771976,POINT (11.771976 51.389015),2,51.4,11.8,4.476254374517205,1.373574402679758,50.0,0.030100079750724446
Bombus terrestris,51.468656,11.990539,POINT (11.990539 51.468656),3,51.4,11.9,4.584967825995968,1.4000924039465457,50.0,0.11362639155143725
Bombus terrestris,51.471206,11.991267,POINT (11.991267 51.471206),3,51.4,11.9,4.584967825995968,1.4000924039465457,50.0,0.11575819506626975
Bombus terrestris,51.480894,11.82469,POINT (11.82469 51.480894),2,51.4,11.8,4.476254374517205,1.373574402679758,50.0,0.08457798375463968
Bombus terrestris,51.489407,11.962612,POINT (11.962612 51.489407),3,51.4,11.9,4.584967825995968,1.4000924039465457,50.0,0.10915069488097727
Bombus terrestris,51.476206,11.9824,POINT (11.9824 51.476206),3,51.4,11.9,4.584967825995968,1.4000924039465457,50.0,0.11223686754360099
Bombus terrestris,51.491783,11.935128,POINT (11.935128 51.491783),3,51.4,11.9,4.584967825995968,1.4000924039465457,50.0,0.0982756097564392
Bombus terrestris,51.495239,11.929828,POINT (11.929828 51.495239),3,51.4,11.9,4.584967825995968,1.4000924039465457,50.0,0.09980068489243898
Bombus terrestris,51.491792,11.935128,POINT (11.935128 51.491792),3,51.4,11.9,4.584967825995968,1.4000924039465457,50.0,0.09828401522119286
Bombus terrestris,51.4917,11.935464,POINT (11.935464 51.4917),3,51.4,11.9,4.584967825995968,1.4000924039465457,50.0,0.09831879421555423
Bombus terrestris,51.480894,11.82469,POINT (11.82469 51.480894),2,51.4,11.8,4.476254374517205,1.373574402679758,50.0,0.08457798375463968
Bombus terrestris,51.492212,11.982413,POINT (11.982413 51.492212),3,51.4,11.9,4.584967825995968,1.4000924039465457,50.0,0.1236727759573645
Bombus terrestris,51.480894,11.82469,POINT (11.82469 51.480894),2,51.4,11.8,4.476254374517205,1.373574402679758,50.0,0.08457798375463968
Bombus terrestris,51.469155,11.989013,POINT (11.989013 51.469155),3,51.4,11.9,4.584967825995968,1.4000924039465457,50.0,0.11271968858189864
Bombus terrestris,51.498568,11.950517,POINT (11.950517 51.498568),3,51.4,11.9,4.584967825995968,1.4000924039465457,50.0,0.11075927912820653
Bombus terrestris,51.490339,11.944678,POINT (11.944678 51.490339),3,51.4,11.9,4.584967825995968,1.4000924039465457,50.0,0.10078322581163976
Bombus terrestris,51.480894,11.82469,POINT (11.82469 51.480894),2,51.4,11.8,4.476254374517205,1.373574402679758,50.0,0.08457798375463968
Bombus terrestris,51.480894,11.82469,POINT (11.82469 51.480894),2,51.4,11.8,4.476254374517205,1.373574402679758,50.0,0.08457798375463968
Bombus terrestris,51.480894,11.82469,POINT (11.82469 51.480894),2,51.4,11.8,4.476254374517205,1.373574402679758,50.0,0.08457798375463968
Bombus terrestris,51.480894,11.82469,POINT (11.82469 51.480894),2,51.4,11.8,4.476254374517205,1.373574402679758,50.0,0.08457798375463968
Bombus terrestris,51.464184,11.967495,POINT (11.967495 51.464184),3,51.4,11.9,4.584967825995968,1.4000924039465457,50.0,0.09314054370144327
Bombus terrestris,51.464012,11.966786,POINT (11.966786 51.464012),3,51.4,11.9,4.584967825995968,1.4000924039465457,50.0,0.09250895059398215
Bombus terrestris,51.464314,11.96747,POINT (11.96747 51.464314),3,51.4,11.9,4.584967825995968,1.4000924039465457,50.0,0.09321207805858861
Bombus terrestris,51.464169,11.967452,POINT (11.967452 51.464169),3,51.4,11.9,4.584967825995968,1.4000924039465457,50.0,0.09309904867934946
Bombus terrestris,51.489458,11.962483,POINT (11.962483 51.489458),3,51.4,11.9,4.584967825995968,1.4000924039465457,50.0,0.10911855503533817
Bombus terrestris,51.4952,11.930053,POINT (11.930053 51.4952),3,51.4,11.9,4.584967825995968,1.4000924039465457,50.0,0.09983097119130727
Bombus terrestris,51.480894,11.82469,POINT (11.82469 51.480894),2,51.4,11.8,4.476254374517205,1.373574402679758,50.0,0.08457798375463968
Bombus terrestris,51.485994,11.941544,POINT (11.941544 51.485994),3,51.4,11.9,4.584967825995968,1.4000924039465457,50.0,0.09550325634238818
Bombus terrestris,51.488326,11.961428,POINT (11.961428 51.488326),3,51.4,11.9,4.584967825995968,1.4000924039465457,50.0,0.10758662305324161
Bombus terrestris,51.495181,11.930203,POINT (11.930203 51.495181),3,51.4,11.9,4.584967825995968,1.4000924039465457,50.0,0.09985811919919543
Bombus terrestris,51.336956,11.94957,POINT (11.94957 51.336956),1,51.3,11.9,4.547798075087366,1.3516606514452016,50.0,0.061829853921873255
Bombus terrestris,51.458656,11.948048,POINT (11.948048 51.458656),3,51.4,11.9,4.584967825995968,1.4000924039465457,50.0,0.07582306139954959
Bombus terrestris,51.323719,11.956837,POINT (11.956837 51.323719),1,51.3,11.9,4.547798075087366,1.3516606514452016,50.0,0.061587624812132265
Bombus terrestris,51.472939,11.972373,POINT (11.972373 51.472939),3,51.4,11.9,4.584967825995968,1.4000924039465457,50.0,0.10275188003146007
Bombus terrestris,51.340458,11.982215,POINT (11.982215 51.340458),1,51.3,11.9,4.547798075087366,1.3516606514452016,50.0,0.09163054070014011
Bombus terrestris,51.455227,11.946621,POINT (11.946621 51.455227),3,51.4,11.9,4.584967825995968,1.4000924039465457,50.0,0.07227405599522028
Bombus terrestris,51.458321,11.948324,POINT (11.948324 51.458321),3,51.4,11.9,4.584967825995968,1.4000924039465457,50.0,0.0757400027528376
Bombus terrestris,51.245438,11.953076,POINT (11.953076 51.245438),1,51.3,11.9,4.547798075087366,1.3516606514452016,50.0,0.07611881252357777
Bombus terrestris,51.482452,11.96733,POINT (11.96733 51.482452),3,51.4,11.9,4.584967825995968,1.4000924039465457,50.0,0.10645027573473258
Bombus terrestris,51.347622,11.973731,POINT (11.973731 51.347622),1,51.3,11.9,4.547798075087366,1.3516606514452016,50.0,0.08777308952634885
Bombus terrestris,51.278027,11.941699,POINT (11.941699 51.278027),1,51.3,11.9,4.547798075087366,1.3516606514452016,50.0,0.04713405700764324
Bombus terrestris,51.493434,11.94053,POINT (11.94053 51.493434),3,51.4,11.9,4.584967825995968,1.4000924039465457,50.0,0.10184592901044405
Bombus terrestris,51.476234,11.981248,POINT (11.981248 51.476234),3,51.4,11.9,4.584967825995968,1.4000924039465457,50.0,0.11141301656449298
Bombus terrestris,51.425545,11.983049,POINT (11.983049 51.425545),3,51.4,11.9,4.584967825995968,1.4000924039465457,50.0,0.08688891428715112
Bombus terrestris,51.236244,11.953059,POINT (11.953059 51.236244),1,51.3,11.9,4.547798075087366,1.3516606514452016,50.0,0.0829462778972008
Bombus terrestris,51.45319,11.957564,POINT (11.957564 51.45319),3,51.4,11.9,4.584967825995968,1.4000924039465457,50.0,0.07837595419514838
Bombus terrestris,51.458736,11.948013,POINT (11.948013 51.458736),3,51.4,11.9,4.584967825995968,1.4000924039465457,50.0,0.07586280949846441
Bombus terrestris,51.474194,11.997687,POINT (11.997687 51.474194),3,51.4,11.9,4.584967825995968,1.4000924039465457,50.0,0.1226682501913184
Bombus terrestris,51.289364,11.896355,POINT (11.896355 51.289364),1,51.3,11.9,4.547798075087366,1.3516606514452016,50.0,0.01124324334878346
Bombus terrestris,51.453884,11.770845,POINT (11.770845 51.453884),2,51.4,11.8,4.476254374517205,1.373574402679758,50.0,0.06126581004932894
Bombus terrestris,51.336327,11.947244,POINT (11.947244 51.336327),1,51.3,11.9,4.547798075087366,1.3516606514452016,50.0,0.05959569166474974
Bombus terrestris,51.408657,11.857706,POINT (11.857706 51.408657),3,51.4,11.9,4.584967825995968,1.4000924039465457,50.0,0.04317089395646093
Bombus terrestris,51.476219,11.967577,POINT (11.967577 51.476219),3,51.4,11.9,4.584967825995968,1.4000924039465457,50.0,0.10186258827459803
Bombus terrestris,51.215553,11.775058,POINT (11.775058 51.215553),0,51.3,11.8,4.437247004489247,1.320091878885887,50.0,0.08805338819715909
Bombus terrestris,51.49955,11.959551,POINT (11.959551 51.49955),3,51.4,11.9,4.584967825995968,1.4000924039465457,50.0,0.11600225903403788
Bombus terrestris,51.451389,11.939453,POINT (11.939453 51.451389),3,51.4,11.9,4.584967825995968,1.4000924039465457,50.0,0.06478710157122351
Bombus terrestris,51.348553,11.99492,POINT (11.99492 51.348553),1,51.3,11.9,4.547798075087366,1.3516606514452016,50.0,0.10661707278386771
Bombus terrestris,51.216,11.735,POINT (11.735 51.216),0,51.3,11.8,4.437247004489247,1.320091878885887,50.0,0.10621205204683462
Bombus terrestris,51.340954,11.97247,POINT (11.97247 51.340954),1,51.3,11.9,4.547798075087366,1.3516606514452016,50.0,0.0832414020545089
Bombus terrestris,51.455158,11.81514,POINT (11.81514 51.455158),2,51.4,11.8,4.476254374517205,1.373574402679758,50.0,0.05719811678717947
Bombus terrestris,51.2155,11.734392,POINT (11.734392 51.2155),0,51.3,11.8,4.437247004489247,1.320091878885887,50.0,0.10697971613347958
Bombus terrestris,51.472939,11.972373,POINT (11.972373 51.472939),3,51.4,11.9,4.584967825995968,1.4000924039465457,50.0,0.10275188003146007
Bombus terrestris,51.49461,11.948973,POINT (11.948973 51.49461),3,51.4,11.9,4.584967825995968,1.4000924039465457,50.0,0.10653359483749987
Bombus terrestris,51.278027,11.941699,POINT (11.941699 51.278027),1,51.3,11.9,4.547798075087366,1.3516606514452016,50.0,0.04713405700764324
Bombus terrestris,51.473701,11.956834,POINT (11.956834 51.473701),3,51.4,11.9,4.584967825995968,1.4000924039465457,50.0,0.09306954903189335
Bombus terrestris,51.473701,11.956834,POINT (11.956834 51.473701),3,51.4,11.9,4.584967825995968,1.4000924039465457,50.0,0.09306954903189335
Bombus terrestris,51.444489,11.947692,POINT (11.947692 51.444489),3,51.4,11.9,4.584967825995968,1.4000924039465457,50.0,0.0652211467623795
Bombus terrestris,51.480957,11.977601,POINT (11.977601 51.480957),3,51.4,11.9,4.584967825995968,1.4000924039465457,50.0,0.11214254790221062
Bombus terrestris,51.337414,11.940372,POINT (11.940372 51.337414),1,51.3,11.9,4.547798075087366,1.3516606514452016,50.0,0.05504276319372396
Bombus terrestris,51.404507,11.963143,POINT (11.963143 51.404507),3,51.4,11.9,4.584967825995968,1.4000924039465457,50.0,0.06330364521889759
Bombus terrestris,51.473701,11.956834,POINT (11.956834 51.473701),3,51.4,11.9,4.584967825995968,1.4000924039465457,50.0,0.09306954903189335
Bombus terrestris,51.455265,11.956103,POINT (11.956103 51.455265),3,51.4,11.9,4.584967825995968,1.4000924039465457,50.0,0.0787512973480429
Bombus terrestris,51.490681,11.918749,POINT (11.918749 51.490681),3,51.4,11.9,4.584967825995968,1.4000924039465457,50.0,0.09259896739165419
Bombus terrestris,51.444447,11.947701,POINT (11.947701 51.444447),3,51.4,11.9,4.584967825995968,1.4000924039465457,50.0,0.065199089027377
Bombus terrestris,51.33704,11.94942,POINT (11.94942 51.33704),1,51.3,11.9,4.547798075087366,1.3516606514452016,50.0,0.06176000323834432
Bombus terrestris,51.455273,11.956068,POINT (11.956068 51.455273),3,51.4,11.9,4.584967825995968,1.4000924039465457,50.0,0.07873198303739047
Bombus terrestris,51.481289,11.898923,POINT (11.898923 51.481289),3,51.4,11.9,4.584967825995968,1.4000924039465457,50.0,0.08129613428693705
Bombus terrestris,51.472939,11.972373,POINT (11.972373 51.472939),3,51.4,11.9,4.584967825995968,1.4000924039465457,50.0,0.10275188003146007
Bombus terrestris,51.404671,11.963285,POINT (11.963285 51.404671),3,51.4,11.9,4.584967825995968,1.4000924039465457,50.0,0.06345714668971555
Bombus terrestris,51.419765,11.900234,POINT (11.900234 51.419765),3,51.4,11.9,4.584967825995968,1.4000924039465457,50.0,0.01976638512728069
Bombus terrestris,51.20297,11.758078,POINT (11.758078 51.20297),0,51.3,11.8,4.437247004489247,1.320091878885887,50.0,0.10569898289008961
Bombus terrestris,51.464088,11.918922,POINT (11.918922 51.464088),3,51.4,11.9,4.584967825995968,1.4000924039465457,50.0,0.06682300373374246
Bombus terrestris,51.389084,11.784645,POINT (11.784645 51.389084),2,51.4,11.8,4.476254374517205,1.373574402679758,50.0,0.018839720831267066
Bombus terrestris,51.467979,11.987911,POINT (11.987911 51.467979),3,51.4,11.9,4.584967825995968,1.4000924039465457,50.0,0.11112825186243219
Bombus terrestris,51.473701,11.956834,POINT (11.956834 51.473701),3,51.4,11.9,4.584967825995968,1.4000924039465457,50.0,0.09306954903189335
Bombus terrestris,51.485928,11.955976,POINT (11.955976 51.485928),3,51.4,11.9,4.584967825995968,1.4000924039465457,50.0,0.1025521026600644
Bombus terrestris,51.488094,11.978234,POINT (11.978234 51.488094),3,51.4,11.9,4.584967825995968,1.4000924039465457,50.0,0.1178181293010532
Bombus terrestris,51.482784,11.969511,POINT (11.969511 51.482784),3,51.4,11.9,4.584967825995968,1.4000924039465457,50.0,0.10809703870597319
Apis mellifera,51.485149,11.962469,POINT (11.962469 51.485149),3,51.4,11.9,4.584967825995968,1.4000924039465457,50.0,0.10560647784108808
Apis mellifera,51.489404,11.961073,POINT (11.961073 51.489404),3,51.4,11.9,4.584967825995968,1.4000924039465457,50.0,0.10827274146801849
Apis mellifera,51.486694,11.941264,POINT (11.941264 51.486694),3,51.4,11.9,4.584967825995968,1.4000924039465457,50.0,0.0960133705897269
Apis mellifera,51.417304,11.902296,POINT (11.902296 51.417304),3,51.4,11.9,4.584967825995968,1.4000924039465457,50.0,0.01745565902508687
Apis mellifera,51.474868,11.985426,POINT (11.985426 51.474868),3,51.4,11.9,4.584967825995968,1.4000924039465457,50.0,0.11359057575345027
Apis mellifera,51.460919,11.975892,POINT (11.975892 51.460919),3,51.4,11.9,4.584967825995968,1.4000924039465457,50.0,0.09731762545911067
Apis mellifera,51.497569,11.958375,POINT (11.958375 51.497569),3,51.4,11.9,4.584967825995968,1.4000924039465457,50.0,0.11369850652493192
Apis mellifera,51.488168,11.970725,POINT (11.970725 51.488168),3,51.4,11.9,4.584967825995968,1.4000924039465457,50.0,0.1130292964191164
Apis mellifera,51.489403,11.962386,POINT (11.962386 51.489403),3,51.4,11.9,4.584967825995968,1.4000924039465457,50.0,0.10901793157550176
Apis mellifera,51.2,11.74,POINT (11.74 51.2),0,51.3,11.8,4.437247004489247,1.320091878885887,50.0,0.1166190378969014
Apis mellifera,51.476922,11.962619,POINT (11.962619 51.476922),3,51.4,11.9,4.584967825995968,1.4000924039465457,50.0,0.0991873643414345
Apis mellifera,51.497406,11.818226,POINT (11.818226 51.497406),2,51.4,11.8,4.476254374517205,1.373574402679758,50.0,0.099096497980503
Apis mellifera,51.480029,11.70096,POINT (11.70096 51.480029),2,51.4,11.8,4.476254374517205,1.373574402679758,50.0,0.12733248776726466
Apis mellifera,51.489412,11.933578,POINT (11.933578 51.489412),3,51.4,11.9,4.584967825995968,1.4000924039465457,50.0,0.09550909814253587
Apis mellifera,51.489432,11.933774,POINT (11.933774 51.489432),3,51.4,11.9,4.584967825995968,1.4000924039465457,50.0,0.095596891685872
Apis mellifera,51.490039,11.934065,POINT (11.934065 51.490039),3,51.4,11.9,4.584967825995968,1.4000924039465457,50.0,0.09626757369956301
Apis mellifera,51.489163,11.933708,POINT (11.933708 51.489163),3,51.4,11.9,4.584967825995968,1.4000924039465457,50.0,0.09532192734622916
Apis mellifera,51.456874,11.897829,POINT (11.897829 51.456874),3,51.4,11.9,4.584967825995968,1.4000924039465457,50.0,0.05691542073111701
Apis mellifera,51.491453,11.917536,POINT (11.917536 51.491453),3,51.4,11.9,4.584967825995968,1.4000924039465457,50.0,0.09311907701969686
Apis mellifera,51.491324,11.916696,POINT (11.916696 51.491324),3,51.4,11.9,4.584967825995968,1.4000924039465457,50.0,0.09283765072426176
Apis mellifera,51.491591,11.914684,POINT (11.914684 51.491591),3,51.4,11.9,4.584967825995968,1.4000924039465457,50.0,0.09276061199129818
Apis mellifera,51.491645,11.914649,POINT (11.914649 51.491645),3,51.4,11.9,4.584967825995968,1.4000924039465457,50.0,0.09280840062192627
Apis mellifera,51.488083,11.92042,POINT (11.92042 51.488083),3,51.4,11.9,4.584967825995968,1.4000924039465457,50.0,0.0904189763766478
Apis mellifera,51.456524,11.887403,POINT (11.887403 51.456524),3,51.4,11.9,4.584967825995968,1.4000924039465457,50.0,0.0579106810959804
Apis mellifera,51.467519,11.994694,POINT (11.994694 51.467519),3,51.4,11.9,4.584967825995968,1.4000924039465457,50.0,0.11630033962547434
Apis mellifera,51.448589,11.991019,POINT (11.991019 51.448589),3,51.4,11.9,4.584967825995968,1.4000924039465457,50.0,0.10317630193993119
Apis mellifera,51.486586,11.934461,POINT (11.934461 51.486586),3,51.4,11.9,4.584967825995968,1.4000924039465457,50.0,0.09319171592475761
Apis mellifera,51.488545,11.934239,POINT (11.934239 51.488545),3,51.4,11.9,4.584967825995968,1.4000924039465457,50.0,0.09493432543606432
Apis mellifera,51.488505,11.934188,POINT (11.934188 51.488505),3,51.4,11.9,4.584967825995968,1.4000924039465457,50.0,0.09487862967497421
Apis mellifera,51.49225,11.942303,POINT (11.942303 51.49225),3,51.4,11.9,4.584967825995968,1.4000924039465457,50.0,0.1014869760560439
Apis mellifera,51.486969,11.941839,POINT (11.941839 51.486969),3,51.4,11.9,4.584967825995968,1.4000924039465457,50.0,0.09650963103235113
Apis mellifera,51.498093,11.944679,POINT (11.944679 51.498093),3,51.4,11.9,4.584967825995968,1.4000924039465457,50.0,0.10778891264874958
Apis mellifera,51.468854,11.989265,POINT (11.989265 51.468854),3,51.4,11.9,4.584967825995968,1.4000924039465457,50.0,0.11273470424407964
Apis mellifera,51.495842,11.941389,POINT (11.941389 51.495842),3,51.4,11.9,4.584967825995968,1.4000924039465457,50.0,0.10439702239528094
Apis mellifera,51.491886,11.942603,POINT (11.942603 51.491886),3,51.4,11.9,4.584967825995968,1.4000924039465457,50.0,0.10128204483026797
Apis mellifera,51.484169,11.902372,POINT (11.902372 51.484169),3,51.4,11.9,4.584967825995968,1.4000924039465457,50.0,0.08420241650333125
Apis mellifera,51.458782,11.947982,POINT (11.947982 51.458782),3,51.4,11.9,4.584967825995968,1.4000924039465457,50.0,0.07587882344897043
Apis mellifera,51.46563,11.965472,POINT (11.965472 51.46563),3,51.4,11.9,4.584967825995968,1.4000924039465457,50.0,0.09270318054953564
Apis mellifera,51.464687,11.967711,POINT (11.967711 51.464687),3,51.4,11.9,4.584967825995968,1.4000924039465457,50.0,0.09364393995342035
Apis mellifera,51.390075,11.985151,POINT (11.985151 51.390075),3,51.4,11.9,4.584967825995968,1.4000924039465457,50.0,0.08572746599544319
Apis mellifera,51.468498,11.773612,POINT (11.773612 51.468498),2,51.4,11.8,4.476254374517205,1.373574402679758,50.0,0.07340505805460404
Apis mellifera,51.469118,11.776312,POINT (11.776312 51.469118),2,51.4,11.8,4.476254374517205,1.373574402679758,50.0,0.07306448705082674
Apis mellifera,51.493375,11.978263,POINT (11.978263 51.493375),3,51.4,11.9,4.584967825995968,1.4000924039465457,50.0,0.12183590519218992
Apis mellifera,51.489867,11.937236,POINT (11.937236 51.489867),3,51.4,11.9,4.584967825995968,1.4000924039465457,50.0,0.09727588285386912
Apis mellifera,51.386902,11.984729,POINT (11.984729 51.386902),3,51.4,11.9,4.584967825995968,1.4000924039465457,50.0,0.08573541301585874
Apis mellifera,51.496684,11.81683,POINT (11.81683 51.496684),2,51.4,11.8,4.476254374517205,1.373574402679758,50.0,0.09813788644555477
Apis mellifera,51.490156,11.943225,POINT (11.943225 51.490156),3,51.4,11.9,4.584967825995968,1.4000924039465457,50.0,0.09998252327782106
Apis mellifera,51.356674,11.991656,POINT (11.991656 51.356674),3,51.4,11.9,4.584967825995968,1.4000924039465457,50.0,0.10138029696149105
Apis mellifera,51.464314,11.96747,POINT (11.96747 51.464314),3,51.4,11.9,4.584967825995968,1.4000924039465457,50.0,0.09321207805858861
Apis mellifera,51.458591,11.947937,POINT (11.947937 51.458591),3,51.4,11.9,4.584967825995968,1.4000924039465457,50.0,0.07570245207389195
Apis mellifera,51.480894,11.82469,POINT (11.82469 51.480894),2,51.4,11.8,4.476254374517205,1.373574402679758,50.0,0.08457798375463968
Apis mellifera,51.480894,11.82469,POINT (11.82469 51.480894),2,51.4,11.8,4.476254374517205,1.373574402679758,50.0,0.08457798375463968
Apis mellifera,51.465672,11.949246,POINT (11.949246 51.465672),3,51.4,11.9,4.584967825995968,1.4000924039465457,50.0,0.08208520024949637
Apis mellifera,51.434037,11.954795,POINT (11.954795 51.434037),3,51.4,11.9,4.584967825995968,1.4000924039465457,50.0,0.0645058865065809
Apis mellifera,51.480325,11.955409,POINT (11.955409 51.480325),3,51.4,11.9,4.584967825995968,1.4000924039465457,50.0,0.09758208291484775
Apis mellifera,51.439098,11.950798,POINT (11.950798 51.439098),3,51.4,11.9,4.584967825995968,1.4000924039465457,50.0,0.06410218723257616
Apis mellifera,51.493681,11.947636,POINT (11.947636 51.493681),3,51.4,11.9,4.584967825995968,1.4000924039465457,50.0,0.10509670906836514
Apis mellifera,51.489511,11.960875,POINT (11.960875 51.489511),3,51.4,11.9,4.584967825995968,1.4000924039465457,50.0,0.10824964085852766
Apis mellifera,51.488754,11.958552,POINT (11.958552 51.488754),3,51.4,11.9,4.584967825995968,1.4000924039465457,50.0,0.10632783840556592
Apis mellifera,51.488422,11.961564,POINT (11.961564 51.488422),3,51.4,11.9,4.584967825995968,1.4000924039465457,50.0,0.10774310270267927
Apis mellifera,51.488325,11.960049,POINT (11.960049 51.488325),3,51.4,11.9,4.584967825995968,1.4000924039465457,50.0,0.10680443823175488
Apis mellifera,51.488451,11.961583,POINT (11.961583 51.488451),3,51.4,11.9,4.584967825995968,1.4000924039465457,50.0,0.10777775879094773
Apis mellifera,51.488655,11.96235,POINT (11.96235 51.488655),3,51.4,11.9,4.584967825995968,1.4000924039465457,50.0,0.10838464616817524
Apis mellifera,51.489379,11.960748,POINT (11.960748 51.489379),3,51.4,11.9,4.584967825995968,1.4000924039465457,50.0,0.10806907580339625
Apis mellifera,51.489312,11.96044,POINT (11.96044 51.489312),3,51.4,11.9,4.584967825995968,1.4000924039465457,50.0,0.10784074806862158
Apis mellifera,51.490365,11.959936,POINT (11.959936 51.490365),3,51.4,11.9,4.584967825995968,1.4000924039465457,50.0,0.10843503733111257
Apis mellifera,51.488487,11.961862,POINT (11.961862 51.488487),3,51.4,11.9,4.584967825995968,1.4000924039465457,50.0,0.10796692184646217
Apis mellifera,51.488785,11.958582,POINT (11.958582 51.488785),3,51.4,11.9,4.584967825995968,1.4000924039465457,50.0,0.10637023525874235
Apis mellifera,51.488364,11.960096,POINT (11.960096 51.488364),3,51.4,11.9,4.584967825995968,1.4000924039465457,50.0,0.10686311670543636
Apis mellifera,51.48862,11.962232,POINT (11.962232 51.48862),3,51.4,11.9,4.584967825995968,1.4000924039465457,50.0,0.10828816289881257
Apis mellifera,51.48863,11.962246,POINT (11.962246 51.48863),3,51.4,11.9,4.584967825995968,1.4000924039465457,50.0,0.10830439241323665
Apis mellifera,51.488482,11.961767,POINT (11.961767 51.488482),3,51.4,11.9,4.584967825995968,1.4000924039465457,50.0,0.10790841771150105
Apis mellifera,51.488479,11.961767,POINT (11.961767 51.488479),3,51.4,11.9,4.584967825995968,1.4000924039465457,50.0,0.10790595780585926
Apis mellifera,51.488484,11.961766,POINT (11.961766 51.488484),3,51.4,11.9,4.584967825995968,1.4000924039465457,50.0,0.10790948527353957
Apis mellifera,51.488318,11.961637,POINT (11.961637 51.488318),3,51.4,11.9,4.584967825995968,1.4000924039465457,50.0,0.10769953060714837
Apis mellifera,51.48832,11.961848,POINT (11.961848 51.48832),3,51.4,11.9,4.584967825995968,1.4000924039465457,50.0,0.10782206408708968
Apis mellifera,51.489554,11.96075,POINT (11.96075 51.489554),3,51.4,11.9,4.584967825995968,1.4000924039465457,50.0,0.10821497778034245
Apis mellifera,51.488484,11.96176,POINT (11.96176 51.488484),3,51.4,11.9,4.584967825995968,1.4000924039465457,50.0,0.10790605106295081
Apis mellifera,51.488484,11.96176,POINT (11.96176 51.488484),3,51.4,11.9,4.584967825995968,1.4000924039465457,50.0,0.10790605106295081
Apis mellifera,51.488605,11.962221,POINT (11.962221 51.488605),3,51.4,11.9,4.584967825995968,1.4000924039465457,50.0,0.10826956574217939
Apis mellifera,51.489364,11.960434,POINT (11.960434 51.489364),3,51.4,11.9,4.584967825995968,1.4000924039465457,50.0,0.10788045630233714
Apis mellifera,51.489268,11.960495,POINT (11.960495 51.489268),3,51.4,11.9,4.584967825995968,1.4000924039465457,50.0,0.10783515590474509
Apis mellifera,51.48919,11.959601,POINT (11.959601 51.48919),3,51.4,11.9,4.584967825995968,1.4000924039465457,50.0,0.10727131630123797
Apis mellifera,51.489177,11.959539,POINT (11.959539 51.489177),3,51.4,11.9,4.584967825995968,1.4000924039465457,50.0,0.10722606889185012
Apis mellifera,51.488325,11.961427,POINT (11.961427 51.488325),3,51.4,11.9,4.584967825995968,1.4000924039465457,50.0,0.10758523111468803
Apis mellifera,51.488551,11.961959,POINT (11.961959 51.488551),3,51.4,11.9,4.584967825995968,1.4000924039465457,50.0,0.10807496140179937
Apis mellifera,51.488551,11.961957,POINT (11.961957 51.488551),3,51.4,11.9,4.584967825995968,1.4000924039465457,50.0,0.10807381482116929
Apis mellifera,51.48855,11.961955,POINT (11.961955 51.48855),3,51.4,11.9,4.584967825995968,1.4000924039465457,50.0,0.10807184890155042
Apis mellifera,51.488551,11.961959,POINT (11.961959 51.488551),3,51.4,11.9,4.584967825995968,1.4000924039465457,50.0,0.10807496140179937
Apis mellifera,51.488555,11.961956,POINT (11.961956 51.488555),3,51.4,11.9,4.584967825995968,1.4000924039465457,50.0,0.10807651900852448
Apis mellifera,51.488357,11.961864,POINT (11.961864 51.488357),3,51.4,11.9,4.584967825995968,1.4000924039465457,50.0,0.10786154989151762
Apis mellifera,51.488356,11.961864,POINT (11.961864 51.488356),3,51.4,11.9,4.584967825995968,1.4000924039465457,50.0,0.10786073072254236
Apis mellifera,51.488584,11.962203,POINT (11.962203 51.488584),3,51.4,11.9,4.584967825995968,1.4000924039465457,50.0,0.10824203557306568
Apis mellifera,51.488826,11.958548,POINT (11.958548 51.488826),3,51.4,11.9,4.584967825995968,1.4000924039465457,50.0,0.10638574425175963
Apis mellifera,51.489337,11.960424,POINT (11.960424 51.489337),3,51.4,11.9,4.584967825995968,1.4000924039465457,50.0,0.10785248882153811
Apis mellifera,51.488356,11.961623,POINT (11.961623 51.488356),3,51.4,11.9,4.584967825995968,1.4000924039465457,50.0,0.10772268500645855
Apis mellifera,51.488356,11.961624,POINT (11.961624 51.488356),3,51.4,11.9,4.584967825995968,1.4000924039465457,50.0,0.10772325706179153
Apis mellifera,51.488298,11.961666,POINT (11.961666 51.488298),3,51.4,11.9,4.584967825995968,1.4000924039465457,50.0,0.1076997324044966
Apis mellifera,51.488295,11.96167,POINT (11.96167 51.488295),3,51.4,11.9,4.584967825995968,1.4000924039465457,50.0,0.10769956325352636
Apis mellifera,51.488376,11.961527,POINT (11.961527 51.488376),3,51.4,11.9,4.584967825995968,1.4000924039465457,50.0,0.10768421010064871
Apis mellifera,51.488375,11.961529,POINT (11.961529 51.488375),3,51.4,11.9,4.584967825995968,1.4000924039465457,50.0,0.10768453215759392
Apis mellifera,51.488369,11.961809,POINT (11.961809 51.488369),3,51.4,11.9,4.584967825995968,1.4000924039465457,50.0,0.10783984719017388
Apis mellifera,51.289644,11.944008,POINT (11.944008 51.289644),1,51.3,11.9,4.547798075087366,1.3516606514452016,50.0,0.045210074098588585
Apis mellifera,51.304163,11.827975,POINT (11.827975 51.304163),0,51.3,11.8,4.437247004489247,1.320091878885887,50.0,0.028283054891578195
Apis mellifera,51.323719,11.956837,POINT (11.956837 51.323719),1,51.3,11.9,4.547798075087366,1.3516606514452016,50.0,0.061587624812132265
Apis mellifera,51.472939,11.972373,POINT (11.972373 51.472939),3,51.4,11.9,4.584967825995968,1.4000924039465457,50.0,0.10275188003146007
Apis mellifera,51.458656,11.948048,POINT (11.948048 51.458656),3,51.4,11.9,4.584967825995968,1.4000924039465457,50.0,0.07582306139954959
Apis mellifera,51.478401,11.955509,POINT (11.955509 51.478401),3,51.4,11.9,4.584967825995968,1.4000924039465457,50.0,0.09606230208567668
Apis mellifera,51.458321,11.948324,POINT (11.948324 51.458321),3,51.4,11.9,4.584967825995968,1.4000924039465457,50.0,0.0757400027528376
Apis mellifera,51.245438,11.953076,POINT (11.953076 51.245438),1,51.3,11.9,4.547798075087366,1.3516606514452016,50.0,0.07611881252357777
Apis mellifera,51.489074,11.961761,POINT (11.961761 51.489074),3,51.4,11.9,4.584967825995968,1.4000924039465457,50.0,0.10839095256062892
Apis mellifera,51.434384,11.972544,POINT (11.972544 51.434384),3,51.4,11.9,4.584967825995968,1.4000924039465457,50.0,0.08028008091675062
Apis mellifera,51.424132,11.986769,POINT (11.986769 51.424132),3,51.4,11.9,4.584967825995968,1.4000924039465457,50.0,0.09006227170685921
Apis mellifera,51.202261,11.748978,POINT (11.748978 51.202261),0,51.3,11.8,4.437247004489247,1.320091878885887,50.0,0.11025496181578219
Apis mellifera,51.320094,11.833411,POINT (11.833411 51.320094),0,51.3,11.8,4.437247004489247,1.320091878885887,50.0,0.03898799503693357
Apis mellifera,51.321106,11.836637,POINT (11.836637 51.321106),0,51.3,11.8,4.437247004489247,1.320091878885887,50.0,0.04228159179832348
Apis mellifera,51.466827,11.966836,POINT (11.966836 51.466827),3,51.4,11.9,4.584967825995968,1.4000924039465457,50.0,0.09451401390799417
Apis mellifera,51.488598,11.966232,POINT (11.966232 51.488598),3,51.4,11.9,4.584967825995968,1.4000924039465457,50.0,0.11061773559425604
Apis mellifera,51.488562,11.962096,POINT (11.962096 51.488562),3,51.4,11.9,4.584967825995968,1.4000924039465457,50.0,0.10816256773949388
Apis mellifera,51.32073,11.836381,POINT (11.836381 51.32073),0,51.3,11.8,4.437247004489247,1.320091878885887,50.0,0.04187254543253751
Apis mellifera,51.481159,11.981405,POINT (11.981405 51.481159),3,51.4,11.9,4.584967825995968,1.4000924039465457,50.0,0.11495023839035722
Apis mellifera,51.462357,11.98889,POINT (11.98889 51.462357),3,51.4,11.9,4.584967825995968,1.4000924039465457,50.0,0.10858097231559358
Apis mellifera,51.458271,11.948166,POINT (11.948166 51.458271),3,51.4,11.9,4.584967825995968,1.4000924039465457,50.0,0.07560074733096611
Apis mellifera,51.236244,11.953059,POINT (11.953059 51.236244),1,51.3,11.9,4.547798075087366,1.3516606514452016,50.0,0.0829462778972008
Apis mellifera,51.336967,11.94958,POINT (11.94958 51.336967),1,51.3,11.9,4.547798075087366,1.3516606514452016,50.0,0.06184444590260467
Apis mellifera,51.469067,11.876344,POINT (11.876344 51.469067),3,51.4,11.9,4.584967825995968,1.4000924039465457,50.0,0.07300586842850777
Apis mellifera,51.466413,11.990801,POINT (11.990801 51.466413),3,51.4,11.9,4.584967825995968,1.4000924039465457,50.0,0.1124967029294654
Apis mellifera,51.213181,11.734262,POINT (11.734262 51.213181),0,51.3,11.8,4.437247004489247,1.320091878885887,50.0,0.10889914327027514
Apis mellifera,51.213181,11.734262,POINT (11.734262 51.213181),0,51.3,11.8,4.437247004489247,1.320091878885887,50.0,0.10889914327027514
Apis mellifera,51.223197,11.98537,POINT (11.98537 51.223197),1,51.3,11.9,4.547798075087366,1.3516606514452016,50.0,0.11483352171295452
Apis mellifera,51.488598,11.966232,POINT (11.966232 51.488598),3,51.4,11.9,4.584967825995968,1.4000924039465457,50.0,0.11061773559425604
Apis mellifera,51.488598,11.966232,POINT (11.966232 51.488598),3,51.4,11.9,4.584967825995968,1.4000924039465457,50.0,0.11061773559425604
Apis mellifera,51.376396,11.910369,POINT (11.910369 51.376396),3,51.4,11.9,4.584967825995968,1.4000924039465457,50.0,0.02578109728075832
Apis mellifera,51.367676,11.877349,POINT (11.877349 51.367676),3,51.4,11.9,4.584967825995968,1.4000924039465457,50.0,0.03947035314004301
Apis mellifera,51.376396,11.910369,POINT (11.910369 51.376396),3,51.4,11.9,4.584967825995968,1.4000924039465457,50.0,0.02578109728075832
Apis mellifera,51.367514,11.877381,POINT (11.877381 51.367514),3,51.4,11.9,4.584967825995968,1.4000924039465457,50.0,0.03958483746335131
Apis mellifera,51.367537,11.877468,POINT (11.877468 51.367537),3,51.4,11.9,4.584967825995968,1.4000924039465457,50.0,0.039516292753748974
Apis mellifera,51.493711,11.954581,POINT (11.954581 51.493711),3,51.4,11.9,4.584967825995968,1.4000924039465457,50.0,0.1084473931544677
Apis mellifera,51.487815,11.948928,POINT (11.948928 51.487815),3,51.4,11.9,4.584967825995968,1.4000924039465457,50.0,0.10052573505824192
Apis mellifera,51.474194,11.997687,POINT (11.997687 51.474194),3,51.4,11.9,4.584967825995968,1.4000924039465457,50.0,0.1226682501913184
Apis mellifera,51.458267,11.948286,POINT (11.948286 51.458267),3,51.4,11.9,4.584967825995968,1.4000924039465457,50.0,0.07567417713460785
Apis mellifera,51.451389,11.939453,POINT (11.939453 51.451389),3,51.4,11.9,4.584967825995968,1.4000924039465457,50.0,0.06478710157122351
Apis mellifera,51.336327,11.947244,POINT (11.947244 51.336327),1,51.3,11.9,4.547798075087366,1.3516606514452016,50.0,0.05959569166474974
Apis mellifera,51.476219,11.967577,POINT (11.967577 51.476219),3,51.4,11.9,4.584967825995968,1.4000924039465457,50.0,0.10186258827459803
Apis mellifera,51.215553,11.775058,POINT (11.775058 51.215553),0,51.3,11.8,4.437247004489247,1.320091878885887,50.0,0.08805338819715909
Apis mellifera,51.453884,11.770845,POINT (11.770845 51.453884),2,51.4,11.8,4.476254374517205,1.373574402679758,50.0,0.06126581004932894
Apis mellifera,51.498551,11.950581,POINT (11.950581 51.498551),3,51.4,11.9,4.584967825995968,1.4000924039465457,50.0,0.11077335944169983
Apis mellifera,51.311258,11.811025,POINT (11.811025 51.311258),0,51.3,11.8,4.437247004489247,1.320091878885887,50.0,0.015757321758475204
Apis mellifera,51.466726,11.990765,POINT (11.990765 51.466726),3,51.4,11.9,4.584967825995968,1.4000924039465457,50.0,0.1126527598463537
Apis mellifera,51.478897,11.964628,POINT (11.964628 51.478897),3,51.4,11.9,4.584967825995968,1.4000924039465457,50.0,0.10198781786566788
Apis mellifera,51.482827,11.97827,POINT (11.97827 51.482827),3,51.4,11.9,4.584967825995968,1.4000924039465457,50.0,0.11395834690359573
Apis mellifera,51.203528,11.754252,POINT (11.754252 51.203528),0,51.3,11.8,4.437247004489247,1.320091878885887,50.0,0.10676950073874025
Apis mellifera,51.203142,11.754514,POINT (11.754514 51.203142),0,51.3,11.8,4.437247004489247,1.320091878885887,50.0,0.10700676782334628
Apis mellifera,51.458736,11.947721,POINT (11.947721 51.458736),3,51.4,11.9,4.584967825995968,1.4000924039465457,50.0,0.07567834258888276
Apis mellifera,51.488598,11.966232,POINT (11.966232 51.488598),3,51.4,11.9,4.584967825995968,1.4000924039465457,50.0,0.11061773559425604
Apis mellifera,51.473701,11.956834,POINT (11.956834 51.473701),3,51.4,11.9,4.584967825995968,1.4000924039465457,50.0,0.09306954903189335
Apis mellifera,51.490462,11.985007,POINT (11.985007 51.490462),3,51.4,11.9,4.584967825995968,1.4000924039465457,50.0,0.12413526289092987
Apis mellifera,51.2155,11.734392,POINT (11.734392 51.2155),0,51.3,11.8,4.437247004489247,1.320091878885887,50.0,0.10697971613347958
Apis mellifera,51.488806,11.961174,POINT (11.961174 51.488806),3,51.4,11.9,4.584967825995968,1.4000924039465457,50.0,0.10783674657555095
Apis mellifera,51.491332,11.948556,POINT (11.948556 51.491332),3,51.4,11.9,4.584967825995968,1.4000924039465457,50.0,0.10343703089319704
Apis mellifera,51.489326,11.960479,POINT (11.960479 51.489326),3,51.4,11.9,4.584967825995968,1.4000924039465457,50.0,0.10787420320447261
Apis mellifera,51.494525,11.948123,POINT (11.948123 51.494525),3,51.4,11.9,4.584967825995968,1.4000924039465457,50.0,0.10606978247361908
Apis mellifera,51.326965,11.968501,POINT (11.968501 51.326965),1,51.3,11.9,4.547798075087366,1.3516606514452016,50.0,0.07361724136369245
Apis mellifera,51.485077,11.966644,POINT (11.966644 51.485077),3,51.4,11.9,4.584967825995968,1.4000924039465457,50.0,0.10807182178995471
Apis mellifera,51.469162,11.968978,POINT (11.968978 51.469162),3,51.4,11.9,4.584967825995968,1.4000924039465457,50.0,0.09767981740359544
Apis mellifera,51.48896,11.959679,POINT (11.959679 51.48896),3,51.4,11.9,4.584967825995968,1.4000924039465457,50.0,0.10712359516465046
Apis mellifera,51.464753,11.95763,POINT (11.95763 51.464753),3,51.4,11.9,4.584967825995968,1.4000924039465457,50.0,0.08668430024520223
Apis mellifera,51.466858,11.961322,POINT (11.961322 51.466858),3,51.4,11.9,4.584967825995968,1.4000924039465457,50.0,0.09072144094975733
Apis mellifera,51.469397,11.968705,POINT (11.968705 51.469397),3,51.4,11.9,4.584967825995968,1.4000924039465457,50.0,0.09765408662211858
Apis mellifera,51.455265,11.956103,POINT (11.956103 51.455265),3,51.4,11.9,4.584967825995968,1.4000924039465457,50.0,0.0787512973480429
Apis mellifera,51.425014,11.987206,POINT (11.987206 51.425014),3,51.4,11.9,4.584967825995968,1.4000924039465457,50.0,0.09072258060703497
Apis mellifera,51.457649,11.958357,POINT (11.958357 51.457649),3,51.4,11.9,4.584967825995968,1.4000924039465457,50.0,0.08203015695462533
Apis mellifera,51.44442,11.947772,POINT (11.947772 51.44442),3,51.4,11.9,4.584967825995968,1.4000924039465457,50.0,0.06523266347467518
Apis mellifera,51.311226,11.851905,POINT (11.851905 51.311226),1,51.3,11.9,4.547798075087366,1.3516606514452016,50.0,0.049387772788414074
Apis mellifera,51.444439,11.947701,POINT (11.947701 51.444439),3,51.4,11.9,4.584967825995968,1.4000924039465457,50.0,0.06519363559428455
Apis mellifera,51.455273,11.956068,POINT (11.956068 51.455273),3,51.4,11.9,4.584967825995968,1.4000924039465457,50.0,0.07873198303739047
Apis mellifera,51.478564,11.986581,POINT (11.986581 51.478564),3,51.4,11.9,4.584967825995968,1.4000924039465457,50.0,0.11691266679449162
Apis mellifera,51.421786,11.935281,POINT (11.935281 51.421786),3,51.4,11.9,4.584967825995968,1.4000924039465457,50.0,0.041465392280791304
Apis mellifera,51.421786,11.935281,POINT (11.935281 51.421786),3,51.4,11.9,4.584967825995968,1.4000924039465457,50.0,0.041465392280791304
Apis mellifera,51.467979,11.987911,POINT (11.987911 51.467979),3,51.4,11.9,4.584967825995968,1.4000924039465457,50.0,0.11112825186243219
Apis mellifera,51.472698,11.991118,POINT (11.991118 51.472698),3,51.4,11.9,4.584967825995968,1.4000924039465457,50.0,0.11656538563398802
Apis mellifera,51.473701,11.956834,POINT (11.956834 51.473701),3,51.4,11.9,4.584967825995968,1.4000924039465457,50.0,0.09306954903189335
Apis mellifera,51.464088,11.918922,POINT (11.918922 51.464088),3,51.4,11.9,4.584967825995968,1.4000924039465457,50.0,0.06682300373374246
Apis mellifera,51.473701,11.956834,POINT (11.956834 51.473701),3,51.4,11.9,4.584967825995968,1.4000924039465457,50.0,0.09306954903189335
Apis mellifera,51.293385,11.808966,POINT (11.808966 51.293385),0,51.3,11.8,4.437247004489247,1.320091878885887,50.0,0.011142144362730996
Apis mellifera,51.29408,11.937833,POINT (11.937833 51.29408),1,51.3,11.9,4.547798075087366,1.3516606514452016,50.0,0.0382933713454416
Apis mellifera,51.498936,11.976659,POINT (11.976659 51.498936),3,51.4,11.9,4.584967825995968,1.4000924039465457,50.0,0.12515963557393525
Apis mellifera,51.300005,11.814159,POINT (11.814159 51.300005),0,51.3,11.8,4.437247004489247,1.320091878885887,50.0,0.014159000882830048
